skill,id,name,x,y,group,orbit,orbitIndex,isNotable,isKeystone,isJewelSocket
25092,AscendancyDruid1Small7,Critical Damage Bonus on You,-22257.9,-2725.84,2,0,0,False,False,False
378,AscendancyDruid1Small8,Critical Hit Chance,-20970.1,-3158.38,35,0,0,False,False,False
28022,AscendancyDruid2Small1,Elemental Damage,-18931.4,-1894.41,65,8,33,False,False,False
61722,AscendancyDruid2Small4_,Elemental Resistances,-19209.9,-2094.74,65,6,36,False,False,False
46654,AscendancyDruid2Small5,Elemental Resistances,-18567.2,-2954.17,71,0,0,False,False,False
26063,AscendancyDruid2Small2,Elemental Damage,-18298.9,-3046.83,73,0,0,False,False,False
18353,oracle_rust_king1,Physical and Lightning Damage,-11017.2,962.236,88,6,20,False,False,False
3544,oracle_rust_king5_,Lightning Damage,-11626.9,941.545,88,7,8,False,False,False
19953,oracle_rust_king6,Lightning Damage,-11718.4,600.039,88,7,2,False,False,False
50142,oracle_rust_king7,Lightning Damage,-12302,649.639,88,4,58,False,False,False
35980,oracle_rust_king_mastery1,Lightning Mastery,-11843.4,816.545,88,0,0,False,False,False
18713,oracle_crab_claw_mastery1,Armour and Energy Shield Mastery,-11380.7,-3346,91,0,0,False,False,False
65,chill_and_freeze19_,Freeze Buildup,-10952.1,-597.249,93,2,7,False,False,False
36504,chill_and_freeze20,Freeze Buildup,-11068.1,-481.283,93,2,11,False,False,False
55260,chill_and_freeze21,Freeze Threshold,-11153,-798.107,93,2,23,False,False,False
19751,chill_and_freeze22,Freeze Threshold,-11269,-682.141,93,2,19,False,False,False
15698,chill_and_freeze23,Freeze Buildup,-10933.8,-816.472,93,7,3,False,False,False
35618,chill_and_freeze25,Cold Coat,-11287.3,-462.918,93,7,15,True,False,False
63482,mastery_lightning148,Lightning Mastery,-10692,-175.715,101,0,0,False,False,False
47080,lightning60,Lightning Damage,-10673.3,-593.395,104,0,0,False,False,False
18593,lightning61,Lightning Damage,-10577.4,-391.035,113,0,0,False,False,False
15672,oracle_totems3_,Totem Elemental Resistance,-10334.2,-6451.08,114,7,5,False,False,False
6999,oracle_totems4,Totem Elemental Resistance,-10253,-6299.93,114,3,7,False,False,False
63170,oracle_totems9,Totem Cast and Attack Speed and Elemental Resistance,-10339.5,-6150.2,114,3,9,False,False,False
37113,lightning50,Lightning Damage,-10559.1,-803.165,115,0,0,False,False,False
8850,wolf10,Shapeshifted Critical Chance,-10520.3,-3933.98,116,0,0,False,False,False
61896,wolf6,Shapeshifted Critical Chance,-10520.3,-3710.82,117,0,0,False,False,False
17349,energy_shield_and_armour10,Armour and Energy Shield,-10375,-5555.09,125,7,0,False,False,False
14342,energy_shield_and_armour5,Armour and Energy Shield,-10591.5,-5180.09,125,7,16,False,False,False
49256,energy_shield_and_armour6_,Armour and Energy Shield,-10375,-4971.09,125,3,12,False,False,False
14439,energy_shield_and_armour7,Armour and Energy Shield,-10158.4,-5180.09,125,7,8,False,False,False
58138,mastery_armour_and_energy_shield_6274,Armour and Energy Shield Mastery,-10375,-5223.09,125,1,6,False,False,False
55888,energy_shield_and_armour8,Armour and Energy Shield,-10371.3,-4590.02,126,0,0,False,False,False
4442,maximum_resistances10,Armour Applies to Lightning Damage Hits,-9598.33,999.917,154,3,10,False,False,False
59886,maximum_resistances11,Armour Applies to Lightning Damage Hits,-9169.88,988.325,154,5,23,False,False,False
33939,maximum_resistances6,Armour Applies to Cold Damage Hits,-9598.33,421.413,154,3,2,False,False,False
6872,maximum_resistances7_,Armour Applies to Cold Damage Hits,-9598.42,252.095,154,4,4,False,False,False
22697,shaman3,Lightning Resistance,-9653.55,-1913.76,155,2,10,False,False,False
8421,shaman4,Cold Resistance,-9817.55,-2197.81,155,2,22,False,False,False
35404,shaman5,Cold Resistance,-9610.55,-2272.29,155,7,2,False,False,False
5862,shaman6__,Lightning Resistance,-9860.55,-1839.28,155,7,14,False,False,False
31290,energy_shield_and_armour52,Armour and Energy Shield,-9604.92,-4177.5,169,7,22,False,False,False
37609,energy_shield_and_armour53,Armour and Energy Shield,-9479.92,-3960.99,169,0,0,False,False,False
60332,energy_shield_and_armour54,Armour and Energy Shield,-9263.42,-4085.99,169,7,4,False,False,False
32764,energy_shield_and_armour55_,Armour and Energy Shield,-9696.43,-3835.99,169,7,16,False,False,False
61847,flail7,Flail Critical Chance,-9265.01,-2982.99,175,0,0,False,False,False
17587,oracle_slow_crit_mastery1,Critical Mastery,-9329.14,-875.705,176,1,9,False,False,False
59039,oracle_slow_crits1,Critical Damage,-9361.23,-228.686,176,5,38,False,False,False
28223,oracle_slow_crits2,Critical Damage,-9204.61,-389.562,176,4,35,False,False,False
6100,oracle_slow_crits3,Critical Damage,-9182.44,-634.224,176,7,11,False,False,False
43443,flail8,Flail Critical Chance,-9058.33,-2717.44,183,0,0,False,False,False
41747,flail6,Flail Critical Chance,-9050.55,-3180.38,185,0,0,False,False,False
10824,energy_shield_and_armour45_,Armour and Energy Shield,-8364.03,-2026.93,189,4,19,False,False,False
25648,energy_shield_and_armour46,Armour and Energy Shield,-8633.67,-1944.46,189,7,8,False,False,False
43077,energy_shield_and_armour47,Armour and Energy Shield,-9308.75,-2236.37,189,4,58,False,False,False
45736,energy_shield_and_armour50,Armour and Energy Shield,-8850.17,-1819.46,189,7,12,False,False,False
26592,energy_shield_and_armour51,Armour and Energy Shield,-9172.79,-2155.91,189,3,19,False,False,False
30393,mastery_energyshield107,Armour and Energy Shield Mastery,-8850.17,-2069.46,189,0,0,False,False,False
25315,armour38,Armour and Applies to Cold Damage,-8176.71,2248.71,212,2,2,False,False,False
25591,armour39,Armour and Applies to Cold Damage,-8116.69,2472.73,212,2,8,False,False,False
19820,armour40,Armour and Applies to Cold Damage,-8400.74,2308.73,212,2,20,False,False,False
41609,wyvern10,Shapeshifted Energy Shield Recharge,-7574.18,-7716.08,215,5,20,False,False,False
31010,wyvern11,Shapeshifted Energy Shield Delay,-7778.92,-7623.93,215,4,23,False,False,False
27611,wyvern12__,Shapeshifted Elemental Damage,-8471.2,-7830.17,215,7,18,False,False,False
27216,wyvern13__,Shapeshifted Energy Shield Delay,-8004.69,-7955.17,215,7,4,False,False,False
43282,wyvern6,Shapeshifted Elemental Damage,-8981.59,-7475.59,215,6,49,False,False,False
541,wyvern9,Shapeshifted Energy Shield Recharge,-7385.39,-7903.29,215,6,17,False,False,False
20791,power_endurance_charges1,Power Charge Duration and Energy Shield,-8084.54,-4401.76,220,2,10,False,False,False
13777,power_endurance_charges2,Power Charge Duration and Energy Shield,-8282.51,-4427.82,220,2,15,False,False,False
59061,criticals31,Critical Damage,-7937.59,-5348.53,228,2,6,False,False,False
2672,criticals32_,Spell Critical Damage,-8019.59,-5490.56,228,2,2,False,False,False
8509,criticals33,Critical Damage,-8019.59,-5206.51,228,2,10,False,False,False
45569,criticals34,Spell Critical Damage,-8183.59,-5490.56,228,2,22,False,False,False
55596,criticals35,Critical Damage,-8390.85,-5181.53,228,3,16,False,False,False
35085,mastery_criticals66,Critical Mastery,-8101.59,-5348.53,228,0,0,False,False,False
35048,criticals60,Attack Critical Chance,-7966.51,4294.84,238,2,12,False,False,False
26176,criticals61,Attack Critical Damage,-7824.49,4212.84,238,2,8,False,False,False
43650,criticals62,Critical Chance and Damage,-8007.51,4059.83,238,1,11,False,False,False
21070,criticals63,Attack Critical Chance,-8183.02,4005.84,238,7,20,False,False,False
53386,criticals65,Attack Critical Damage,-7966.51,3880.84,238,7,0,False,False,False
9698,mastery_critical_6414,Critical Mastery,-8048.51,3988.82,238,2,22,False,False,False
41147,armour42,Armour and  Applies to Lightning Damage,-7940.6,6790.76,242,2,14,False,False,False
23797,armour43,Armour and  Applies to Lightning Damage,-7716.58,6730.73,242,2,8,False,False,False
31370,armour44,Armour and  Applies to Lightning Damage,-8000.63,6566.73,242,2,20,False,False,False
4621,oracle_beast_corruption1,Stun and Elemental Threshold,-7598.42,-9274.8,243,4,30,False,False,False
3681,oracle_beast_corruption5,Elemental Threshold,-8330.42,-9697.42,243,4,54,False,False,False
57386,oracle_beast_corruption6,Elemental Threshold,-7928.87,-9374.81,243,3,13,False,False,False
41414,maximum_resistances5,Cold Resistance,-7677.07,7960.8,253,7,23,False,False,False
41363,maximum_resistances9,Lightning Resistance,-7267.3,7857.22,253,4,9,False,False,False
29197,oracle_archon_crit1,Archon Duration and Critical Damage,-7782.46,-5289.7,254,7,15,False,False,False
23436,oracle_archon_crit2,Archon Duration and Critical Damage,-7731.99,-4995.1,254,4,39,False,False,False
26300,oracle_archon_crit3,Archon Duration and Critical Damage,-7435.64,-4831.86,254,5,33,False,False,False
43653,cold20,Cold Damage,-7134.25,-1100.19,259,4,9,False,False,False
48171,cold21,Cold Damage,-7037.04,-961.363,259,4,13,False,False,False
26518,cold30,Cold Nature,-7273.08,-1197.4,259,4,5,True,False,False
3218,elemental5,Elemental Damage,-6993.17,-797.657,259,4,17,False,False,False
34317,mastery_elemental99,Elemental Mastery,-7383.29,-7035.15,270,0,0,False,False,False
30959,oracle3,Cold Penetration,-7465.29,-6893.12,270,2,14,False,False,False
31778,oracle4,Cold Penetration,-7301.29,-6893.12,270,2,10,False,False,False
12992,oracle5,Lightning Penetration,-7465.29,-7177.17,270,2,22,False,False,False
16485,oracle6,Lightning Penetration,-7301.29,-7177.17,270,2,2,False,False,False
296,oracle7,Elemental Penetration,-7633.29,-7035.15,270,7,18,False,False,False
24430,elemental9,Elemental Damage,-7495.15,-793.725,275,4,66,False,False,False
50629,elemental3,Elemental Damage,-7241.96,-651.555,276,0,0,False,False,False
44298,mastery_elemental93,Elemental Mastery,-7240.77,-656.165,277,0,0,False,False,False
24420,criticals93_,Critical Chance,-7313.4,-2643.04,278,7,22,False,False,False
33829,criticals94,Critical Chance,-7063.4,-2643.04,278,7,2,False,False,False
18737,criticals95,Critical Chance,-6938.4,-2426.53,278,7,6,False,False,False
9221,mastery_critical_269,Critical Mastery,-7188.4,-2426.53,278,0,0,False,False,False
64357,energy_shield_and_armour16_,Armour and Energy Shield,-6938.04,-2984.48,284,2,8,False,False,False
6416,energy_shield_and_armour4,Armour and Energy Shield,-7222.09,-3148.48,284,2,20,False,False,False
506,energy_shield_and_armour9,Armour and Energy Shield,-7162.06,-2924.46,284,2,14,False,False,False
37641,mastery_armour9,Armour and Energy Shield Mastery,-7080.06,-3066.48,284,0,0,False,False,False
23930,elemental8_,Elemental Damage,-7240.25,-363.325,285,4,40,False,False,False
30662,lightning1_,Lightning Damage,-6906.44,-363.325,285,4,32,False,False,False
45383,lightning3,Lightning Damage,-7073.34,-333.895,285,4,36,False,False,False
46024,lightning31,Sigil of Lightning,-7387.03,-448.065,285,4,44,True,False,False
65509,energy_shield_and_armour41,Armour Applies to Elemental Damage and Energy Shield Delay,-7237.17,-3365.02,286,3,22,False,False,False
41384,energy_shield_and_armour42,Armour Applies to Elemental Damage and Energy Shield Delay,-6780.92,-3242.76,286,3,4,False,False,False
51672,energy_shield_and_armour43,Armour Applies to Elemental Damage and Energy Shield Delay,-6903.17,-2786.51,286,3,10,False,False,False
61897,AscendancyMercenary2Small5,Armour and Evasion,-6676.14,19835.7,288,8,32,False,False,False
34501,AscendancyMercenary2Small6,Armour and Evasion,-6505.97,19201.4,288,5,25,False,False,False
52993,oracle_glory_elemental1,Elemental Damage,-6821.89,-1824.91,293,7,4,False,False,False
9414,oracle_glory_elemental2_,Elemental Damage,-7154.36,-1815.87,293,2,21,False,False,False
14980,oracle_glory_elemental_mastery1,Elemental Mastery,-7038.4,-1699.91,293,0,0,False,False,False
28578,mana_regeneration3,Mana Regeneration and Critical Chance,-6813.5,-5755.92,299,7,2,False,False,False
904,mana_regeneration4,Mana Regeneration and Critical Chance,-6722,-5664.42,299,7,4,False,False,False
2733,oracle_lightning_mastery1,Lightning Mastery,-6846.57,-239.395,306,0,0,False,False,False
50757,mastery_evasion108,Evasion Mastery,-6813.53,-3551.71,308,0,0,False,False,False
8553,cold52,Cold Damage,-6788.28,-4451.88,309,0,0,False,False,False
34331,elemental19,Fire and Cold Damage,-6782.96,-4268.65,310,0,0,False,False,False
20390,mastery_elemental_6472,Elemental Mastery,-6782,-4265.36,311,0,0,False,False,False
51328,cold54,Cold Damage,-6534.71,-4055.73,320,0,0,False,False,False
12471,accuracy52,Attack Elemental Damage,-6560.3,-5665.96,327,2,19,False,False,False
19942,accuracy53,Attack Elemental Damage,-6359.44,-5781.93,327,2,1,False,False,False
37415,cold53_,Cold Damage,-6394.63,-4266.42,328,0,0,False,False,False
5544,getting_hit22,Thorn Critical Damage,-6288.69,562.603,331,2,10,False,False,False
14459,getting_hit23,Thorn Critical Damage,-6288.69,278.547,331,2,2,False,False,False
10873,shapeshifting18,Bestial Rage,-6239.27,-2888.72,340,3,12,True,False,False
8982,chill_and_freeze26,Freeze Buildup and Skill Effect Duration,-6160.01,-9175.97,350,3,12,False,False,False
58926,chill_and_freeze27,Freeze Buildup,-6376.52,-9384.97,350,7,16,False,False,False
64572,chill_and_freeze28,Freeze Buildup,-6376.52,-9634.97,350,7,20,False,False,False
54887,mastery_projectile203,Cold Mastery,-6160.01,-9509.97,350,0,0,False,False,False
35408,focus1,Focus Energy Shield,-6212.5,-8611.42,354,2,16,False,False,False
24767,focus4,Focus Energy Shield,-5928.45,-8611.42,354,2,8,False,False,False
65189,shapeshifting7,Shapeshifted Elemental Penetration,-5893.26,-603.739,355,2,7,False,False,False
29126,oracle_shapeshifting_path1,Shapeshifted Elemental Damage,-6161.75,-1297.56,356,7,14,False,False,False
28770,oracle_shapeshifting_path2_,Shapeshifted Elemental Damage,-5911.75,-1730.57,356,7,2,False,False,False
21017,criticals68,Critical Chance,-6026.21,540.885,357,5,0,False,False,False
26969,criticals69,Critical Chance,-6152.52,726.513,357,4,69,False,False,False
16861,criticals70,Critical Chance,-6193.21,908.632,357,3,22,False,False,False
55789,criticals71,Critical Damage,-5899.91,726.513,357,4,3,False,False,False
41665,criticals72,Critical Damage,-5859.21,908.633,357,3,2,False,False,False
43142,mastery_critical_6415,Critical Mastery,-6026.21,1197.89,357,0,0,False,False,False
64318,elemental1,Elemental Penetration,-5745.67,-7959.35,372,3,2,False,False,False
5088,elemental10,Elemental,-6246.67,-7670.09,372,3,18,False,False,False
55101,elemental11_,Elemental Damage,-5912.67,-7336.09,372,3,12,False,False,False
43893,elemental12,Elemental Damage,-5745.67,-7380.84,372,3,10,False,False,False
26739,elemental13,Elemental Damage,-5623.41,-7503.09,372,3,8,False,False,False
61063,elemental2,Elemental Penetration,-5912.67,-8004.09,372,3,0,False,False,False
22873,elemental4,Elemental Penetration,-5623.41,-7837.09,372,3,4,False,False,False
16596,elemental6,Speed with Elemental Skills,-6201.92,-7837.09,372,3,20,False,False,False
49537,elemental7,Speed with Elemental Skills,-6201.92,-7503.09,372,3,16,False,False,False
42205,mastery_elemental_6477,Elemental Mastery,-5912.67,-7670.09,372,0,0,False,False,False
46380,power_charges10,Energy Shield if Consumed Power Charge,-5968.61,-5395.76,373,2,22,False,False,False
21327,power_charges11,Energy Shield if Consumed Power Charge,-5968.61,-5111.71,373,2,14,False,False,False
56876,power_charges12,Energy Shield if Consumed Power Charge,-5722.61,-5253.73,373,2,6,False,False,False
16506,shapeshifting30,Shapeshifting Elemental Ailment Chance,-5760.4,-2148.88,374,7,10,False,False,False
37509,shapeshifting8,Shapeshifting Critical Hit Chance,-6135.4,-2365.38,374,7,18,False,False,False
62948,mastery_armour_and_energy_shield_6276,Armour and Energy Shield Mastery,-5841.98,-6866.01,377,0,0,False,False,False
40377,energy_shield_and_armour21,Armour Applies to Elemental Damage and Energy Shield Delay,-5557.5,-6454.26,384,3,10,False,False,False
7554,energy_shield_and_armour22,Energy Shield Delay and Armour Applies to Elemental Damage,-5810.94,-6420.9,384,3,13,False,False,False
23039,energy_shield_and_armour23,Energy Shield Delay and Armour Applies to Elemental Damage,-6013.75,-6576.51,384,3,16,False,False,False
46318,energy_shield_and_armour38,Armour Applies to Elemental Damage and Energy Shield Delay,-5401.88,-6657.07,384,3,7,False,False,False
32964,energy_shield_and_armour39,Armour Applies to Elemental Damage and Energy Shield Delay,-5488.32,-6979.69,384,3,3,False,False,False
54892,AscendancyMercenary1Small7_,Armour and Evasion,-5640.01,17186.9,391,0,0,False,False,False
30151,AscendancyMercenary1Small6,Armour and Evasion,-5552.04,16435.6,400,0,0,False,False,False
12099,cold56,Cold Damage,-5263.61,-9401.91,431,0,0,False,False,False
4833,cold55,Cold Damage,-5147,-9203.79,439,0,0,False,False,False
51183,energy_shield_and_armour26,Armour and Energy Shield,-5081.34,-627.755,446,2,12,False,False,False
10635,energy_shield_and_armour27,Armour and Energy Shield,-4917.34,-791.755,446,2,6,False,False,False
2074,mastery_armour_and_energy_shield_6273,Armour and Energy Shield Mastery,-5081.34,-791.755,446,0,0,False,False,False
50177,mastery_cold_6393,Cold Mastery,-5006.69,-8973.79,451,0,0,False,False,False
44191,cold57,Cold Damage,-4971.36,-9503.08,458,0,0,False,False,False
2244,mana_regeneration29,Arcane Surge on Critical Hit,-5374.7,-8283.47,461,4,51,False,False,False
54067,mana_regeneration30,Arcane Surge on Critical Hit,-5498.77,-8132.11,461,5,49,False,False,False
10452,energy_shield_and_armour30,Armour and Energy Shield,-4794.25,-7794.74,463,2,2,False,False,False
1878,energy_shield_and_armour31,Energy Shield and Armour applies to Elemental Damage Hits,-4940.96,-7894.2,463,7,23,False,False,False
44213,energy_shield_and_armour32_,Armour and Energy Shield Delay,-4634.77,-7717.42,463,7,5,False,False,False
14328,energy_shield_and_armour33,Energy Shield and Armour applies to Elemental Damage Hits,-5117.74,-7717.42,463,7,19,False,False,False
869,energy_shield_and_armour34,Armour and Energy Shield Delay,-4699.48,-7475.94,463,7,9,False,False,False
55843,mastery_armour_and_energy_shield_6275,Armour and Energy Shield Mastery,-4876.25,-7652.71,463,0,0,False,False,False
45585,being_surrounded17_,Armour and Evasion while Surrounded,-4659.19,8923.31,483,3,23,False,False,False
55617,being_surrounded18,Armour and Evasion while Surrounded,-4336.57,9009.75,483,3,3,False,False,False
29914,being_surrounded19,Armour and Evasion while Surrounded,-4250.13,9332.37,483,3,7,False,False,False
48121,totems47_,Totem Elemental Resistance,-4120.96,4565.35,516,0,0,False,False,False
42825,energy_shield_recovery32_,Energy Shield Delay,-4199.42,-7993.41,517,2,14,False,False,False
21404,energy_shield_recovery33,Energy Shield Delay,-4281.42,-8135.44,517,2,18,False,False,False
27674,energy_shield_recovery34,Energy Shield Delay,-4035.42,-7993.41,517,2,10,False,False,False
44082,energy_shield_recovery35,Energy Shield Delay,-3953.42,-8135.44,517,2,6,False,False,False
27307,mastery_energyshield102_,Energy Shield Mastery,-4117.42,-8135.44,517,0,0,False,False,False
46742,passive_keystone_elemental_equilibrium,Elemental Equilibrium,-4102.54,-10310.9,524,0,0,False,True,False
26490,one_handed12,One Handed Critical Chance,-3950.84,8640.88,528,2,9,False,False,False
12751,one_handed14,One Handed Critical Chance,-4182.77,8640.88,528,2,15,False,False,False
61179,physical18,Spell Critical Chance,-3955.44,-9600.64,536,0,0,False,False,False
41338,shapeshifting35,Shapeshifting Armour applies to Elemental Damage Hits,-3702.85,-968.169,545,2,7,False,False,False
31673,shapeshifting36,Energy Shield Delay while Shapeshifted,-3943.26,-868.587,545,2,14,False,False,False
65413,AscendancySorceress1Small3,Spell Critical Chance,-3440.08,-17492.6,547,8,4,False,False,False
25618,AscendancySorceress1Small4,Spell Critical Chance,-2732.09,-16481.5,547,8,18,False,False,False
21245,physical15,Spell Critical Chance,-3804.23,-9338.75,548,0,0,False,False,False
57178,physical17,Spell Critical Chance and Critical Ailment Effect,-3804.23,-8886.17,549,0,0,False,False,False
44560,oracle_hierarchy4,Cold Damage,-3604.52,-11522.1,566,2,0,False,False,False
64083,oracle_hierarchy5_,Lightning Damage,-3427.75,-11534.9,566,7,3,False,False,False
33601,chill_and_freeze13,Freeze Buildup,-3698.96,-419.575,570,2,20,False,False,False
41154,chill_and_freeze17,Freeze Buildup,-3638.93,-195.547,570,2,14,False,False,False
2863,chill_and_freeze18,Perpetual Freeze,-3556.93,-337.575,570,0,0,True,False,False
19802,criticals66,Attack Critical Damage,-3375.29,5198.13,574,2,8,False,False,False
64399,criticals67__,Attack Critical Damage,-3558.31,5187.15,574,1,7,False,False,False
62661,mastery_critical_271_,Critical Mastery,-3443.04,-4769.59,583,0,0,False,False,False
32660,criticals4,Critical Chance,-3475.98,-5009.77,591,2,21,False,False,False
8631,criticals5_,Critical Chance,-3193.01,-5183.06,591,3,2,False,False,False
59256,criticals6,Critical Chance,-3201.6,-4851.36,591,2,7,False,False,False
51534,criticals7,Critical Chance,-3527.01,-4604.55,591,3,14,False,False,False
46760,criticals8,Critical Chance,-3360.01,-4893.8,591,0,0,False,False,False
64223,AscendancySorceress3Small2,Energy Shield,-3309.23,-14351.1,593,0,0,False,False,False
39540,criticals2_,Critical Chance,-3723.74,-1688.4,597,4,49,False,False,False
36602,criticals36,Critical Damage,-3407.77,-1423.26,597,4,39,False,False,False
30265,AscendancySorceress3Small1,Energy Shield,-3087.41,-15208.1,610,0,0,False,False,False
61657,armour_and_evasion46,Armour applies to Elemental Damage and Deflection,-2790.14,8216.2,620,3,2,False,False,False
45808,armour_and_evasion47,Armour applies to Elemental Damage and Deflection,-2707.14,8505.46,620,7,6,False,False,False
17750,armour_and_evasion48,Armour applies to Elemental Damage and Deflection,-3082.14,8288.95,620,7,22,False,False,False
3191,armour_and_evasion49_,Armour applies to Elemental Damage and Deflection,-2957.14,8839.46,620,3,12,False,False,False
65324,armour_and_evasion50,Armour applies to Elemental Damage and Deflection,-3246.4,8672.46,620,3,16,False,False,False
658,armour_and_evasion55,Armour applies to Elemental Damage and Deflection,-3279.76,8419.01,620,3,19,False,False,False
35623,armour_and_evasion56_,Armour applies to Elemental Damage and Deflection,-2720.97,8741.63,620,3,9,False,False,False
14575,minion_defence39,Minion Lightning Resistance,-2730.42,-9028.75,634,0,0,False,False,False
38105,energy_shield22,Energy Shield,-2903.56,-10687.7,639,4,67,False,False,False
49455,energy_shield23,Energy Shield,-2491.09,-10687.7,639,4,5,False,False,False
13537,energy_shield24,Energy Shield,-2323.5,-10559.1,639,4,10,False,False,False
6006,energy_shield9,Energy Shield,-3071.15,-10559.1,639,4,62,False,False,False
857,mastery_life139,Energy Shield Mastery,-2697.32,-10245.5,639,0,0,False,False,False
58789,stun_threshold_from_energy_shield14,Stun and Ailment Threshold from Energy Shield,-2216.74,-10160.7,639,4,20,False,False,False
46275,stun_threshold_from_energy_shield15,Stun and Ailment Threshold from Energy Shield,-2654.79,-9759.32,639,4,35,False,False,False
13307,stun_threshold_from_energy_shield16,Stun and Ailment Threshold from Energy Shield,-2297.58,-9965.56,639,4,25,False,False,False
26614,stun_threshold_from_energy_shield17,Stun and Ailment Threshold from Energy Shield,-2864.23,-9786.89,639,4,40,False,False,False
3414,minion_defence37,Minion Lightning Resistance,-2625.49,-8808.47,642,0,0,False,False,False
38663,melee28,Melee Critical Chance,-2370.07,7379.36,644,7,6,False,False,False
47284,minion_defence26,Minion Cold Resistance,-2588.8,-8604.12,648,0,0,False,False,False
3332,minion_defence34,Minion Cold Resistance,-2530.04,-8376.52,653,0,0,False,False,False
38827,energy_shield_and_armour17,Armour and Energy Shield,-2392.83,-3721.36,662,7,1,False,False,False
31890,energy_shield_and_armour18,Armour and Energy Shield,-2134.92,-3566.32,662,3,5,False,False,False
25745,energy_shield_and_armour19,Armour and Energy Shield,-2213.53,-3057.25,662,4,30,False,False,False
21081,energy_shield_and_armour20,Armour and Energy Shield,-2786.04,-2910.9,662,5,42,False,False,False
61067,spell_criticals6,Spell Critical Damage,-2304.82,-1084.63,680,2,21,False,False,False
1143,spell_criticals7,Spell Critical Damage,-2030.44,-1011.11,680,2,5,False,False,False
28718,mastery_elemental_6475,Elemental Mastery,-2187.5,-962.965,681,0,0,False,False,False
13387,mastery_elemental95,Elemental Mastery,-2076.24,-5358.25,689,5,0,False,False,False
58674,mastery_elemental_6469,Elemental Mastery,-1901.41,3924.05,695,7,1,False,False,False
18160,minion_offence29,Minion Critical Chance,-2065.55,-8169.77,699,7,14,False,False,False
15809,minion_offence30_,Minion Critical Chance,-2107.54,-8675.53,699,3,22,False,False,False
26945,minion_offence31,Minion Critical Chance,-2098.96,-8343.83,699,2,17,False,False,False
50626,energy_shield_and_armour1,Armour and Energy Shield,-1769.35,-1379.74,704,2,7,False,False,False
32597,energy_shield_and_armour2,Armour and Energy Shield,-1811.8,-1538.15,704,2,3,False,False,False
12777,energy_shield_and_armour3,Armour and Energy Shield,-1970.21,-1580.6,704,2,23,False,False,False
7424,energy_shield29,Energy Shield,-1909.32,-6963.67,706,4,0,False,False,False
36994,energy_shield41,Energy Shield,-1486.69,-6719.67,706,4,12,False,False,False
29432,energy_shield42__,Energy Shield,-2331.94,-6231.67,706,4,48,False,False,False
4061,energy_shield43,Energy Shield,-1909.32,-5987.67,706,4,36,False,False,False
3471,mastery_energyshield104,Energy Shield Mastery,-1909.32,-6475.67,706,0,0,False,False,False
25363,stun_threshold_from_energy_shield7,Stun and Ailment Threshold from Energy Shield,-2125.82,-6600.67,706,7,20,False,False,False
44098,stun_threshold_from_energy_shield8,Stun and Ailment Threshold from Energy Shield,-1909.32,-6225.67,706,7,12,False,False,False
6626,armour_and_evasion10,Armour and Evasion,-1979.45,6549.37,708,2,21,False,False,False
34433,armour_and_evasion18,Armour and Evasion,-1747.52,6781.3,708,2,9,False,False,False
24009,armour_and_evasion19,Armour and Evasion,-1518.42,7010.4,708,4,27,False,False,False
46475,armour_and_evasion20_,Armour and Evasion,-2208.55,6320.27,708,4,63,False,False,False
16744,evasion25,Evasion,-1863.48,6999.33,708,3,12,False,False,False
24748,evasion36,Evasion,-2099.66,6901.51,708,3,15,False,False,False
36170,armour_and_evasion4,Armour and Evasion,-1498.51,3937.18,728,2,13,False,False,False
28693,armour_and_evasion8,Armour and Evasion,-1413.62,3620.35,728,2,1,False,False,False
49280,armour_and_evasion9,Armour and Evasion,-1214.58,3843.47,728,7,7,False,False,False
57320,mastery_armour_and_evasion_6278,Armour and Evasion Mastery,-1456.07,3778.76,728,0,0,False,False,False
45497,ground16,Elemental Damage,-1446.33,-10165.6,729,0,0,False,False,False
17057,ground11,Lightning Damage,-1446.33,-9804.75,730,1,0,False,False,False
17025,ground13,Lightning Damage,-1610.33,-9722.75,730,2,18,False,False,False
14601,mastery_elemental_6470,Elemental Mastery,-1446.33,-9972.75,730,7,0,False,False,False
13855,placeholder1,Armour and Energy Shield,-1396.89,-954.585,736,0,0,False,False,False
23888,armour_and_evasion21,Armour and Evasion,-1367.15,11261,739,3,0,False,False,False
29399,armour_and_evasion22,Armour and Evasion,-1656.4,11428,739,3,20,False,False,False
7390,armour_and_evasion23,Armour and Evasion,-1077.89,11428,739,3,4,False,False,False
53647,armour_and_evasion24,Armour and Evasion,-1367.15,11929,739,3,12,False,False,False
19750,mastery_evasion115,Armour and Evasion Mastery,-1367.15,11595,739,0,0,False,False,False
31644,energy_shield_recovery21,Energy Shield Delay,-1364.75,-4449.27,742,2,23,False,False,False
49235,energy_shield_recovery30__,Energy Shield Delay,-1163.89,-4248.41,742,2,7,False,False,False
14739,energy_shield_recovery31,Energy Shield Delay,-1206.34,-4406.82,742,2,3,False,False,False
2102,mastery_energy_shield_6492,Energy Shield Mastery,-1322.31,-4290.85,742,0,0,False,False,False
61347,projectiles34,Projectile Critical Chance,-953.069,7675.25,752,7,8,False,False,False
64488,projectiles35,Projectile Critical Chance,-992.798,7373.47,752,7,3,False,False,False
13333,ground6,Cold Damage,-1243.05,-9989.29,753,1,9,False,False,False
1700,ground8,Cold Damage,-1161.05,-9825.29,753,2,12,False,False,False
48699,ground9,Frostwalker,-911.045,-9989.29,753,7,6,True,False,False
32427,cold_penetration5,Cold Penetration,-1113.03,-5546.35,761,2,18,False,False,False
62844,cold_penetration9,Cold Penetration,-1283.03,-5546.35,761,3,18,False,False,False
14363,lightning_penetration10,Lightning Penetration,-782.025,-5835.61,761,3,2,False,False,False
61338,lightning_penetration25,Breath of Lightning,-705.025,-5968.98,761,4,6,True,False,False
4776,lightning_penetration8,Lightning Penetration,-867.025,-5688.38,761,2,2,False,False,False
7333,mastery_elemental_6471,Elemental Mastery,-949.025,-5546.35,761,0,0,False,False,False
13359,cold14,Elemental Damage and Energy Shield Delay,-928.329,-10609.8,765,3,15,False,False,False
8382,cold15,Elemental Damage and Energy Shield Delay,-455.981,-10609.8,765,3,9,False,False,False
61863,cold16,Elemental Damage and Energy Shield Delay,-358.155,-10845.9,765,3,6,False,False,False
10612,cold22,Embodiment of Frost,-533.743,-10888.4,765,2,5,True,False,False
31943,cold27,Elemental Damage and Energy Shield Delay,-692.155,-10511.9,765,3,12,False,False,False
35387,cold60__,Cold Damage,-612.835,-7781.69,769,0,0,False,False,False
22439,elemental21,Elemental Damage,-612.805,-8303.76,770,3,12,False,False,False
65248,elemental49,Elemental Ailment Duration,-190.185,-8393.76,770,4,24,False,False,False
39752,elemental50,Elemental Ailment Duration,-1035.43,-8393.76,770,4,48,False,False,False
56409,elemental51,Elemental Ailment Chance,-190.185,-8881.76,770,4,12,False,False,False
38068,elemental52,Elemental Ailment Chance,-1035.43,-8881.76,770,4,60,False,False,False
5936,elemental53,Elemental Damage,-612.805,-8149.76,770,4,36,False,False,False
52003,mastery_cold_6394,Cold Mastery,-673.645,-10901.4,772,2,18,False,False,False
38270,shock_mitigation10,Lightning Damage,-484.775,9376.46,773,3,0,False,False,False
23724,shock_mitigation11,Lightning Damage,-609.775,9493.96,773,7,22,False,False,False
22821,cold2,Elemental Damage,-478.295,-3566.19,775,7,0,False,False,False
22314,elemental14,Elemental Damage,-478.295,-3316.19,775,0,0,False,False,False
3823,cold34,Elemental Force,-478.245,-3834.19,777,1,0,True,False,False
60230,elemental15,Elemental Damage,-478.245,-4409.19,777,5,0,False,False,False
51968,fire3,Elemental Ailment Chance,-812.245,-3752.19,777,3,18,False,False,False
5726,mastery_elemental94,Elemental Mastery,-478.245,-3752.19,777,0,0,False,False,False
58362,sorcerer_start1,Elemental Ailment Chance,-604.549,-4223.57,777,4,69,False,False,False
10192,sorcerer_start2,Elemental Damage,-478.245,-4086.19,777,3,0,False,False,False
6554,cold61,Cold Damage,-477.995,-7622.1,780,0,0,False,False,False
22556,being_surrounded4,Evasion while Surrounded,-702.799,9063.41,782,3,15,False,False,False
11257,being_surrounded5,Evasion while Surrounded,-380.179,9149.85,782,3,11,False,False,False
39476,mastery_cold_6398,Cold Mastery,-465.635,-7778.58,783,0,0,False,False,False
44405,lightning63,Lightning Damage,-382.905,-7264.94,788,0,0,False,False,False
24135,AscendancyWitch1Small9,Critical Chance,32.7561,-18894.3,793,9,6,False,False,False
14122,mastery_caster41,Lightning Mastery,-229.015,-7281.88,798,0,0,False,False,False
60878,lightning69_,Lightning Storm,-211.585,-7418.46,799,0,0,True,False,False
21560,lightning62,Lightning Damage,-204.425,-7142.42,800,0,0,False,False,False
17044,elemental47,Cold and Lightning Damage,-191.895,-7617.42,802,0,0,False,False,False
59779,armour_and_evasion2,Armour and Evasion,-133.155,1690.41,805,0,0,False,False,False
34199,minion_offence36,Minion Critical Damage,-560.078,-9940.3,807,4,55,False,False,False
43557,minion_offence37_,Minion Critical Damage,-396.554,-9811.32,807,3,17,False,False,False
44871,energy_shield15,Energy Shield,136.065,-1694.96,808,3,2,False,False,False
22290,spell_criticals10,Spell Critical Chance,0.0049708,-4105.9,816,3,12,False,False,False
5501,spell_criticals14,Critical Overload,0.005,-4439.9,816,0,0,True,False,False
48821,spell_criticals3,Spell Critical Damage,164.005,-4439.9,816,2,6,False,False,False
15618,spell_criticals4,Spell Critical Damage,0.005,-4773.9,816,3,0,False,False,False
32404,spell_criticals9,Spell Critical Chance,-163.995,-4439.9,816,2,18,False,False,False
47270,chill_and_freeze4,Inescapable Cold,-243.565,-11875.1,821,4,66,True,False,False
52799,cold10,Freeze Buildup,0.435,-11786.5,821,3,0,False,False,False
60515,cold12,Cold Damage,289.688,-11619.5,821,3,4,False,False,False
44455,cold13,Cold Damage,0.435,-11452.5,821,0,0,False,False,False
62914,cold5,Cold Damage,-288.817,-11619.5,821,3,20,False,False,False
41669,cold7,Cold Damage,0.434971,-11118.5,821,3,12,False,False,False
55250,cold_penetration10,Cold Penetration,244.435,-11029.8,821,4,30,False,False,False
56649,cold_penetration12__,Cold Penetration,289.687,-11285.5,821,3,8,False,False,False
17380,mastery_cold58,Cold Mastery,0.434993,-11370.5,821,1,6,False,False,False
40691,mana21,Energy Shield Delay,-373.005,-6764.21,822,4,62,False,False,False
36746,mana22,Energy Shield Delay,-288.427,-6283.52,822,3,16,False,False,False
25893,mana24,Energy Shield Delay,-163.175,-6450.52,822,2,18,False,False,False
47150,armour_and_evasion26,Armour and Evasion,-140.083,2911.7,827,2,16,False,False,False
38779,armour_and_evasion27,Armour and Evasion,143.973,2911.7,827,2,8,False,False,False
11311,armour_and_evasion1,Armour and Evasion,-312.768,2219.24,840,5,61,False,False,False
38057,armour_and_evasion25,Armour and Evasion,-391.963,2371.37,840,5,58,False,False,False
34061,armour_and_evasion3,Armour and Evasion,-429.085,2538.81,840,5,55,False,False,False
24256,deflect33,Armour and Evasion,150.839,10598.9,846,2,15,False,False,False
3472,spell_criticals13,Spell Critical Chance,228.135,-7194.19,849,2,14,False,False,False
56640,spell_criticals5,Spell Critical Damage,228.135,-7478.24,849,2,22,False,False,False
26682,spell_criticals8,Spell Critical Damage,474.135,-7336.21,849,2,6,False,False,False
30346,energy_shield14,Energy Shield,307.2,-2332.65,850,7,13,False,False,False
34006,energy_shield21,Energy Shield,213.493,-2616.58,850,2,19,False,False,False
15408,energy_shield27,Energy Shield,329.459,-2732.55,850,2,23,False,False,False
29695,energy_shield_recovery19,Energy Shield Delay,530.317,-2531.69,850,2,7,False,False,False
43736,energy_shield_recovery20,Energy Shield Delay,487.871,-2690.1,850,2,3,False,False,False
6338,mastery_energyshield105,Energy Shield Mastery,371.905,-2574.13,850,0,0,False,False,False
49633,mastery_energy_shield_6483,Energy Shield Mastery,418.515,-9235.2,854,0,0,False,False,False
517,energy_shield11,Stun and Ailment Threshold from Energy Shield,419.295,-4284.19,855,0,0,False,False,False
14666,energy_shield10_,Stun and Ailment Threshold from Energy Shield,146.295,-3752.19,858,3,18,False,False,False
4748,energy_shield_recovery24,Energy Shield Delay,814.295,-3752.19,858,3,6,False,False,False
4113,chill_and_freeze5,Freeze Buildup,711.201,-8559.59,861,7,4,False,False,False
36782,chill_and_freeze6,Freeze Buildup,494.695,-8184.59,861,7,12,False,False,False
55572,cold9,Cold and Fire Damage,278.189,-8559.59,861,7,20,False,False,False
44179,mastery_cold60,Cold Mastery,494.695,-8434.59,861,0,0,False,False,False
1151,chill_and_freeze7,Freeze Buildup,711.201,-8279.42,862,7,8,False,False,False
57626,cold8_,Cold and Fire Damage,278.189,-8279.42,862,7,16,False,False,False
22691,energy_shield_recovery29,Energy Shield Delay,552.405,-4284.19,867,0,0,False,False,False
15984,mastery_lightning_6564,Lightning Mastery,728.785,-10884.2,876,0,0,False,False,False
50150,lightning46,Elemental Damage and Mana Regeneration,743.215,-10483.7,878,3,12,False,False,False
11873,lightning51,Elemental Damage and Mana Regeneration,979.389,-10581.5,878,3,9,False,False,False
37279,lightning52,Elemental Damage and Mana Regeneration,507.041,-10581.5,878,3,15,False,False,False
41159,lightning53,Elemental Damage and Mana Regeneration,409.215,-10817.7,878,3,18,False,False,False
15991,lightning57,Embodiment of Lightning,584.803,-10860.1,878,2,19,True,False,False
18651,lightning19,Lightning Damage,1129.94,-11238.3,896,0,0,False,False,False
59281,armour_and_evasion30_,Armour and Evasion,1152.8,4885.53,906,2,22,False,False,False
14394,armour_and_evasion31,Armour and Evasion,1092.77,5109.55,906,2,16,False,False,False
1221,armour_and_evasion32,Armour and Evasion,1234.8,5027.55,906,0,0,False,False,False
50124,armour_and_evasion33,Armour and Evasion,1376.82,4945.55,906,2,4,False,False,False
60116,mastery_armour_and_evasion_6283,Armour and Evasion Mastery,1401.79,5316.81,906,3,10,False,False,False
26905,lightning22,Lightning Damage,1414.12,-12145,908,3,2,False,False,False
11736,lightning17,Lightning Damage,1249.73,-11026.7,909,4,36,False,False,False
8821,lightning21,Lightning Damage,1249.73,-11848.7,909,3,0,False,False,False
44566,lightning_penetration28,Lightning Rod,1353.57,9646.22,915,0,0,True,False,False
63863,lightning20__,Lightning Damage,1367.44,-11645.1,917,0,0,False,False,False
27785,lightning_penetration12,Lightning Penetration,1492.44,-11428.6,917,7,10,False,False,False
36293,lightning_penetration15_,Lightning Penetration,1381.34,-11239.6,918,0,0,False,False,False
13828,evasion11,Evasion,1402.97,958.265,919,0,0,False,False,False
48030,energy_shield12,Energy Shield,1488.43,-4425.12,920,7,1,False,False,False
6715,energy_shield13,Energy Shield and Mana Regeneration,1182.24,-4118.93,920,7,17,False,False,False
62436,energy_shield16,Energy Shield,1665.21,-4248.34,920,7,5,False,False,False
41372,energy_shield7,Energy Shield and Mana Regeneration,1246.95,-4360.41,920,7,21,False,False,False
44359,mastery_energy_shield_6487,Energy Shield Mastery,1423.72,-4183.63,920,0,0,False,False,False
60741,elemental57,Elemental Damage,1505.67,-5382.35,925,2,12,False,False,False
24035,elemental60,Elemental Damage,1341.67,-5546.35,925,2,18,False,False,False
58783,life_leech1,Life Leech. Armour and Evasion while Leeching,1474.01,4008.26,935,2,19,False,False,False
48583,life_leech2,Life Leech. Armour and Evasion while Leeching,1589.98,3892.29,935,2,23,False,False,False
48846,lightning_penetration16,Lightning Damage,1657.19,9770.52,936,0,0,False,False,False
1915,mercenary4,Critical Chance,1493.63,10118.8,938,7,21,False,False,False
30117,AscendancyWitch2Small1,Spell Critical Chance,1684.82,-18566.4,939,0,0,False,False,False
26319,criticals81_,Critical Chance,1737.77,4614,945,2,0,False,False,False
30990,criticals82,Critical Chance,1595.74,4860,945,2,16,False,False,False
44608,mastery_critical_6413,Critical Mastery,1737.77,4778,945,0,0,False,False,False
49691,evasion12,Evasion,1583.2,1143.67,947,7,21,False,False,False
31409,evasion13,Evasion,1875.94,1204.48,947,2,3,False,False,False
50437,evasion14,Evasion,1976.48,1445.44,947,7,8,False,False,False
32274,mastery_evasion_6502,Evasion Mastery,1759.97,1320.44,947,0,0,False,False,False
48551,AscendancyWitch2Small2,Spell Critical Chance,1760.62,-17480.4,948,0,0,False,False,False
15876,cold23,Energy Shield as Freeze Threshold,1858.09,-10538.1,949,2,10,False,False,False
7947,cold24,Energy Shield as Freeze Threshold,1634.07,-10598.1,949,2,16,False,False,False
26061,cold25,Energy Shield as Freeze Threshold,1694.09,-10822.2,949,2,22,False,False,False
4579,cold26,Unbothering Cold,1918.12,-10762.1,949,2,4,True,False,False
20024,criticals14,Critical Damage,1696.35,-1419.45,955,7,22,False,False,False
44223,criticals15,Critical Damage,1886.06,-1444.43,955,7,1,False,False,False
61396,armour_and_evasion16,Armour and Evasion,1913.07,8836.47,957,3,11,False,False,False
61318,armour_and_evasion17,Armour and Evasion,1740.18,8836.47,957,3,13,False,False,False
1019,armour_and_evasion5,Armour and Evasion,1826.62,8513.85,957,0,0,False,False,False
45037,armour_and_evasion6,Armour and Evasion,1585.14,8578.56,957,7,17,False,False,False
21438,armour_and_evasion7,Armour and Evasion,2068.11,8578.56,957,7,7,False,False,False
62235,mastery_evasion109,Armour and Evasion Mastery,1826.62,8677.85,957,2,12,False,False,False
43155,crossbow4,Crossbow Critical Chance,2299.93,11630.1,958,4,23,False,False,False
31763,crossbow6,Crossbow Critical Chance,2202.72,11768.9,958,4,27,False,False,False
33415,crossbow7,Crossbow Critical Chance,2063.89,11866.1,958,4,31,False,False,False
52980,evasion_and_energy_shield1,Evasion and Energy Shield,1536.23,-734.145,962,4,48,False,False,False
17366,evasion_and_energy_shield2,Evasion and Energy Shield,2083.85,-761.639,962,7,10,False,False,False
18970,evasion_and_energy_shield3,Evasion and Energy Shield,1742.35,-853.145,962,7,16,False,False,False
29361,evasion_and_energy_shield4,Evasion and Energy Shield,2200.34,-913.44,962,7,7,False,False,False
1215,mastery_energyshield106,Evasion and Energy Shield Mastery,1999.85,-907.131,962,1,5,False,False,False
21779,criticals20,Critical Damage,1820.38,-4298.39,964,2,19,False,False,False
9185,criticals21,Critical Chance,2137.21,-4298.39,964,2,5,False,False,False
40760,criticals22,Critical Chance,2021.24,-4414.36,964,2,1,False,False,False
60107,criticals24,Critical Chance,2094.76,-4139.98,964,2,9,False,False,False
57204,criticals30,Critical Exploit,1936.35,-4097.53,964,2,13,True,False,False
47833,mastery_critical_270_,Critical Mastery,1978.8,-4255.94,964,0,0,False,False,False
11315,lightning_penetration14,Lightning Damage,2015.42,9673.14,968,0,0,False,False,False
31112,ballista11,Ballista Critical Strike,2207.55,7415.27,970,7,2,False,False,False
56897,ballista12,Ballista Critical Damage,2207.55,7848.28,970,7,10,False,False,False
63828,ballista8,Ballista Critical Strike and Damage,1832.55,7631.77,970,7,18,False,False,False
61768,minion_defence27,Minion Cold Resistance,2157.18,-9511.45,975,0,0,False,False,False
5961,lightning25,Lightning Damage,2260.4,9939.27,985,0,0,False,False,False
54675,lightning24,Lightning Damage,2281.59,10332.1,986,0,0,False,False,False
63926,minion_defence23,Minion Lightning Resistance,2393.91,-9611.59,992,0,0,False,False,False
62388,AscendancyWitch2Small4_,Bleed on Critical Chance,2328.66,-18263.4,993,5,70,False,False,False
53266,lightning7,Lightning Skill Speed,2453.78,-8312.45,994,0,0,False,False,False
5295,lightning26_,Lightning Penetration,2476.38,9574.5,998,0,0,False,False,False
37434,mastery_armour_and_evasion_6281,Armour and Evasion Mastery,2593.05,8873.76,1003,2,10,False,False,False
17024,lightning16,Lightning Skill Speed,2607.33,-8878.62,1010,0,0,False,False,False
13738,lightning39,Lightning Quick,2641.65,-9309.5,1013,0,0,True,False,False
4157,criticals11,Critical Chance,2444.54,-2103.71,1016,7,18,False,False,False
55088,criticals12,Critical Chance,2819.54,-2320.22,1016,7,2,False,False,False
29843,evasion4,Evasion and Reduced Movement Penalty,2485.97,1959.95,1019,7,19,False,False,False
44875,mastery_evasion_6508,Evasion Mastery,2727.45,2024.66,1019,0,0,False,False,False
16123,mastery_criticals67,Critical Mastery,2586.29,-2291.21,1022,3,22,False,False,False
53560,shock1,Lightning Skill Chain Chance,2785.02,-8428.64,1027,0,0,False,False,False
34984,mastery_energy_shield_6495,Energy Shield Mastery,2787.39,-5900.44,1028,0,0,False,False,False
18895,stun_threshold_from_energy_shield3,Stun Threshold from Energy Shield,2787.39,-5818.44,1028,1,6,False,False,False
703,stun_threshold_from_energy_shield4,Stun Threshold from Energy Shield,2858.41,-5941.44,1028,1,2,False,False,False
10552,stun_threshold_from_energy_shield5,Stun Threshold from Energy Shield,3003.9,-5775.44,1028,7,8,False,False,False
13576,lightning9,Lightning Skill Speed,2802.27,-8676.29,1030,0,0,False,False,False
64352,lightning11,Lightning Damage,2806.74,4311.96,1031,0,0,False,False,False
37372,lightning10,Lightning Skill Speed,2810.3,-9096.02,1032,0,0,False,False,False
48585,evasion9,Evasion and Reduced Movement Penalty,2890.88,2251.96,1036,0,0,False,False,False
19355,energy_shield44,Energy Shield,3209.74,-10902.6,1040,6,4,False,False,False
37974,energy_shield46_,Energy Shield,2635.83,-10902.6,1040,6,68,False,False,False
21336,evasion_and_energy_shield26,Evasion and Energy Shield,2777.15,-1737.29,1042,2,19,False,False,False
15975,evasion_and_energy_shield27,Evasion and Energy Shield,2893.12,-1536.43,1042,2,13,False,False,False
44345,lightning12,Lightning Damage,2947.79,4537.32,1045,0,0,False,False,False
46157,shock2,Lightning Skill Chain Chance,3017.04,-8315.27,1047,0,0,False,False,False
3665,companions64,Attack Damage and Companion Damage as Cold,3028.9,6994.96,1048,0,0,False,False,False
32185,companions65,Attack Damage and Companion Damage as Cold,3113.83,7213.29,1058,0,0,False,False,False
65437,energy_shield_recovery4,Energy Shield Delay,3034.47,-1247.22,1059,2,14,False,False,False
30634,energy_shield_recovery5,Energy Shield Delay,3280.47,-1389.24,1059,2,6,False,False,False
40068,cold28,Freeze Buildup,3060.82,-850.529,1062,4,38,False,False,False
53149,cold29,Freeze Buildup,3604.14,-1164.21,1062,4,22,False,False,False
56325,evasion23_,Evasion and Reduced Movement Penalty,3195.27,2366.42,1063,0,0,False,False,False
53965,lightning27,Lightning Penetration,3203.89,9325.66,1065,0,0,False,False,False
48833,lightning13,Lightning Damage,3228.15,4292.78,1067,0,0,False,False,False
33946,criticals75_,Attack Critical Chance,3562.95,10089.5,1077,7,9,False,False,False
34074,criticals76,Attack Critical Chance,3343.73,10071.1,1077,2,13,False,False,False
57227,criticals77,Attack Critical Chance,3544.59,9870.26,1077,2,5,False,False,False
23259,criticals78,Attack Critical Chance,3270.21,9796.74,1077,2,21,False,False,False
57966,mastery_critical_6416,Critical Mastery,3386.17,9912.71,1077,0,0,False,False,False
21080,chill_and_freeze1,Freeze Buildup,3318.64,-4263.29,1093,7,19,False,False,False
1869,chill_and_freeze2,Freeze Buildup,3602.57,-4357,1093,2,1,False,False,False
27095,chill_and_freeze3,Freeze Buildup,3801.61,-4133.88,1093,7,7,False,False,False
14958,criticals41,Critical Chance,3561.1,-3022.28,1097,1,10,False,False,False
630,criticals42,Critical Damage,3703.13,-2940.28,1097,1,4,False,False,False
13419,criticals43_,Critical Damage,3507.11,-2764.78,1097,7,14,False,False,False
31039,mastery_criticals65,Critical Mastery,3632.11,-2981.28,1097,0,0,False,False,False
62510,elemental_attacks1,Elemental Attack Damage,3524.27,8035.54,1101,4,69,False,False,False
8697,elemental_attacks2,Elemental Attack Damage,3817.57,8217.66,1101,3,2,False,False,False
30905,elemental_attacks3,Elemental Attack Damage,4121.95,8633.22,1101,4,21,False,False,False
64140,elemental_attacks4,Elemental Attack Damage,3817.57,8796.17,1101,3,10,False,False,False
51336,elemental_attacks5,Elemental Attack Damage,3305.51,8851.98,1101,4,45,False,False,False
56818,elemental_attacks7,Elemental Attack Damage,3316.57,8506.92,1101,3,18,False,False,False
48660,mastery_elemental96,Elemental Mastery,3650.57,8506.92,1101,0,0,False,False,False
47754,cold_penetration11,Cold Damage,3451.59,-8091.37,1103,7,16,False,False,False
23455,cold_penetration13,Cold Damage,3668.09,-8216.37,1103,0,0,False,False,False
27274,mastery_cold_6395,Cold Mastery,3739.11,-8257.37,1103,1,2,False,False,False
63861,mastery_criticals62,Critical Mastery,3647.01,-9798.88,1104,2,13,False,False,False
55947,spell_criticals12_,Spell Critical Chance,3731.9,-10115.7,1104,2,1,False,False,False
46088,spell_criticals16,Spell Critical Chance,3925.63,-9721.12,1104,3,9,False,False,False
62153,spell_criticals17_,Spell Critical Damage,3366.84,-9870.85,1104,3,17,False,False,False
32054,spell_criticals18,Spell Critical Damage,3453.28,-9721.12,1104,3,15,False,False,False
10881,focus6,Focus Energy Shield,3832.63,-9003.35,1112,0,0,False,False,False
33112,focus7,Focus Energy Shield,3832.63,-8669.35,1112,3,12,False,False,False
36450,focus8,Spell Damage on full Energy Shield,3832.63,-9337.35,1112,3,0,False,False,False
5257,cold37,Echoing Frost,3625.63,-5035.29,1113,7,20,True,False,False
55507,elemental22,Elemental Damage,3552.88,-4743.29,1113,3,16,False,False,False
22359,elemental41_,Elemental Damage,3842.13,-4422.29,1113,4,36,False,False,False
9141,elemental42,Elemental Damage,4264.76,-5154.29,1113,4,12,False,False,False
13748,elemental43,Elemental Damage,3842.13,-5244.29,1113,3,0,False,False,False
38338,elemental44,Elemental Damage,3419.51,-5154.29,1113,4,60,False,False,False
35760,elemental45,Elemental Damage,4131.39,-4743.29,1113,3,8,False,False,False
16367,elemental46,Elemental Damage,3842.13,-4910.29,1113,0,0,False,False,False
5703,lightning40,Echoing Thunder,4058.64,-5035.29,1113,7,4,True,False,False
63585,lightning36,Thunderstruck,3915.95,4292.71,1120,0,0,True,False,False
37220,evasion10,Evasion,4298.53,6334.27,1133,2,9,False,False,False
50342,evasion15,Evasion,4024.15,6260.75,1133,2,17,False,False,False
46402,evasion8,Evasion,4117.86,6459.79,1133,7,13,False,False,False
51708,mastery_evasion_6509,Evasion Mastery,4182.56,6218.3,1133,0,0,False,False,False
3628,energy_shield_recovery26,Energy Shield Delay,4342.12,-9903.61,1134,2,5,False,False,False
64474,energy_shield_recovery27,Energy Shield Delay,4299.67,-9745.2,1134,2,9,False,False,False
31630,energy_shield_recovery28,Energy Shield Delay,4025.29,-9818.72,1134,2,17,False,False,False
10729,mastery_staff223,Energy Shield Mastery,4183.71,-9861.17,1134,0,0,False,False,False
38703,accuracy32,Accuracy and Attack Critical Chance,4153.42,10781.1,1139,7,14,False,False,False
63525,accuracy33,Accuracy and Attack Critical Chance,4403.42,10348,1139,7,2,False,False,False
8249,accuracy34,Accuracy and Attack Critical Chance,4494.93,10689.5,1139,7,8,False,False,False
12761,evasion_and_energy_shield10,Evasion and Energy Shield,4577.4,-1974.44,1149,2,4,False,False,False
17367,evasion_and_energy_shield16,Evasion and Energy Shield,4724.63,-2059.44,1149,3,4,False,False,False
62841,evasion_and_energy_shield17,Evasion and Energy Shield,4146.12,-2059.44,1149,3,20,False,False,False
12249,evasion_and_energy_shield9_,Evasion and Energy Shield,4293.35,-1974.44,1149,2,20,False,False,False
17283,mastery_evasion_and_energy_shield_6496,Evasion and Energy Shield Mastery,4435.38,-1892.44,1149,0,0,False,False,False
28061,elemental54,Elemental Attack Damage,4697.16,3274.72,1153,7,8,False,False,False
35878,elemental55,Elemental Attack Damage,4545.36,3391.21,1153,7,11,False,False,False
13711,evasion_and_energy_shield18,Evasion and Energy Shield,4395.4,-7109.06,1155,7,22,False,False,False
3203,evasion_and_energy_shield19,Deflection and Energy Shield Delay,4395.4,-6676.05,1155,7,14,False,False,False
8908,evasion_and_energy_shield20,Evasion and Energy Shield,4770.4,-6892.55,1155,7,6,False,False,False
11032,mastery_energyshield101,Evasion and Energy Shield Mastery,4520.4,-6892.55,1155,0,0,False,False,False
33823,mastery_criticals63,Critical Mastery,4536.81,-4967.55,1157,0,0,False,False,False
4519,criticals18,Damage on Critical,4542.03,-5257.07,1158,0,0,False,False,False
20236,criticals19,Attack and Cast Speed on Critical,4542.03,-4689.38,1159,0,0,False,False,False
28464,evasion_and_energy_shield38_,Deflection and Energy Shield Delay,4599.58,-6751.84,1164,0,0,False,False,False
49394,bleed2,Critical Bleeding Effect,4445.6,7265.59,1168,7,19,False,False,False
23786,bleed3,Critical Bleeding Effect,4803.05,7446.26,1168,2,9,False,False,False
33391,bleed7,Critical Bleeding Effect,5009.7,7243.85,1168,3,5,False,False,False
56330,bleed8_,Bleeding Chance on Critical,4562.08,7113.79,1168,7,22,False,False,False
39570,bleed9,Bleeding Chance on Critical,4244.81,7124.06,1168,4,59,False,False,False
4346,criticals13,Critical Chance,4705.26,-4974.35,1171,0,0,False,False,False
48805,physical_witch11,Spell Critical Chance,4965.25,-10850.2,1172,7,4,False,False,False
12778,physical_witch7,Spell Critical Chance,5038,-10558.2,1172,3,8,False,False,False
33292,lightning67_,Lightning Damage,4784.23,-9692.38,1176,0,0,False,False,False
30210,stun_threshold18,Evasion Rating,4953.34,6875.05,1179,2,6,False,False,False
38966,stun_threshold29,Stun Threshold and Evasion Rating,4789.34,6711.05,1179,2,0,False,False,False
9510,energy_shield_recovery37,Energy Shield Recoup,4821.1,-7916.56,1183,2,0,False,False,False
16695,energy_shield_recovery38,Energy Shield Recoup,4985.1,-7752.56,1183,2,6,False,False,False
61926,energy_shield_recovery39,Energy Shield Recoup,4821.1,-7588.56,1183,2,12,False,False,False
32040,mastery_energy_shield_6484,Energy Shield Mastery,4825,-7747.13,1184,0,0,False,False,False
38668,unarmed10,Evasion,5106.5,-6307.4,1187,7,7,False,False,False
27671,unarmed7,Energy Shield Delay,4800.31,-6613.59,1187,7,23,False,False,False
32681,unarmed8,Evasion and Energy Shield Delay,4688.24,-6195.33,1187,7,15,False,False,False
5188,unarmed9,Evasion and Energy Shield Delay,5041.79,-6548.88,1187,7,3,False,False,False
29763,lightning_penetration1,Lightning Penetration,4889.32,-7413.25,1190,0,0,False,False,False
39241,AscendancyWitch3Small7,Energy Shield,4890.63,-18537.4,1191,0,0,False,False,False
9586,mastery_criticals68,Critical Mastery,5305.14,-4964.33,1193,4,10,False,False,False
37695,evasion1,Evasion,4989.84,542.395,1197,0,0,False,False,False
43303,lightning65__,Lightning Damage,4997.21,-9613.09,1199,0,0,False,False,False
56729,azmerianimals19,Evasion while Moving,4859.19,8071.42,1200,2,16,False,False,False
26308,azmerianimals22,Evasion while Moving,5083.21,8131.45,1200,2,10,False,False,False
27017,azmerianimals23,Evasion while Moving,4919.21,7847.4,1200,2,22,False,False,False
57928,lightning66,Lightning Damage,5022.51,-9397.47,1201,0,0,False,False,False
47895,attack_speed59,Evasion Rating on Hit Recently,5238.31,-208.975,1204,2,6,False,False,False
38044,evasion2,Evasion,5291.11,460.085,1205,7,4,False,False,False
11813,evasion3,Evasion,5074.6,835.085,1205,7,12,False,False,False
9782,criticals44,Critical Damage,5193.02,-5200.3,1211,0,0,False,False,False
535,criticals45,Critical Damage,5193.02,-4742.69,1212,0,0,False,False,False
2446,monkchakra19,Elemental Damage,4880.31,-8121.08,1213,3,18,False,False,False
50268,monkchakra20_,Cold and Lightning Damage,5072.29,-8203.08,1213,2,20,False,False,False
22851,monkchakra21,Cold and Lightning Damage,5214.31,-8285.08,1213,2,0,False,False,False
16024,triggers27,Invocation Critical Damage,5168.46,-6141.72,1214,2,22,False,False,False
18167,triggers29,Invocation Critical Hits,5332.46,-5857.67,1214,2,10,False,False,False
58751,AscendancyWitch3Small9,Energy Shield,5253.69,-18769.2,1215,8,0,False,False,False
28038,deflect26,Evasion,5049.16,5066.09,1216,7,20,False,False,False
3893,deflect27,Evasion,5265.67,5027.09,1216,2,0,False,False,False
64434,deflect28,Evasion,5482.17,5066.09,1216,7,4,False,False,False
240,mastery_lightning150,Lightning Mastery,5280.67,-9450.66,1219,0,0,False,False,False
39423,lightning_penetration2,Lightning Penetration,5146.95,-7492.44,1221,2,20,False,False,False
53207,lightning_penetration3,Lightning Penetration,5359.99,-7369.44,1221,1,4,False,False,False
56914,lightning_penetration4,Lightning Penetration,5530.46,-7475.15,1221,7,5,False,False,False
28021,criticals9,Critical Damage,5324.92,-5429.12,1225,0,0,False,False,False
34621,criticals10,Critical Damage,5324.92,-4513.88,1226,0,0,False,False,False
39569,criticals46,Critical Damage,5524.15,3506.51,1232,7,2,False,False,False
9046,criticals47,Critical Chance,5688.41,3890.01,1232,3,8,False,False,False
45609,criticals48,Critical Damage,5109.9,3556.01,1232,3,20,False,False,False
3458,criticals91,Critical Damage,5356.71,3564.6,1232,2,23,False,False,False
7353,criticals92,Critical Chance,5557.57,3680.57,1232,2,5,False,False,False
24129,mastery_critical_268,Critical Mastery,5399.15,3723.01,1232,0,0,False,False,False
44420,criticals16,Critical Chance,5457.07,-5200.42,1236,0,0,False,False,False
38541,criticals17,Critical Chance,5457.07,-4742.78,1237,0,0,False,False,False
24721,cold69_,Brain Freeze,5541.32,-9278.17,1241,0,0,True,False,False
30663,mastery_cold_6392,Cold Mastery,5545.19,-9271,1243,0,0,False,False,False
14310,cold63,Cold Damage,5569.62,-8962.42,1244,0,0,False,False,False
64213,elemental16,Elemental Damage and Freeze Buildup,5798.23,1472.41,1247,7,8,False,False,False
32155,elemental18,Elemental Damage and Shock Chance,5365.22,1472.41,1247,7,16,False,False,False
44204,elemental23,Elemental Damage and Flammability Magnitude,5581.73,1097.41,1247,7,0,False,False,False
33729,elemental24,Elemental Damage and Flammability Magnitude,5337.73,924.785,1247,4,66,False,False,False
25700,elemental25,Elemental Damage and Shock Chance,5337.73,1770.03,1247,4,42,False,False,False
61246,elemental26,Elemental Damage and Freeze Buildup,6069.73,1347.41,1247,4,18,False,False,False
144,elemental27,Elemental Damage and Freeze Buildup,6150.7,1018.91,1247,5,12,False,False,False
41096,elemental28,Elemental Damage and Shock Chance,5581.73,2004.41,1247,5,36,False,False,False
45712,elemental29,Elemental Damage and Flammability Magnitude,5012.75,1018.91,1247,5,60,False,False,False
11472,frenzy_charges1,Evasion if Consumed Frenzy Charge,5788.27,717.095,1250,2,8,False,False,False
19880,frenzy_charges2,Evasion if Consumed Frenzy Charge,5646.25,471.095,1250,2,0,False,False,False
59390,frenzy_charges3,Evasion if Consumed Frenzy Charge,5504.22,717.095,1250,2,16,False,False,False
2995,AscendancyWitch3Small8,Energy Shield if Consumed Power Charge,5699.65,-18720.7,1256,0,0,False,False,False
32340,cold64__,Cold Damage,5818.69,-9005.17,1260,0,0,False,False,False
24843,buckler20,Evasion during Parry,5617.36,5338.88,1261,7,20,False,False,False
45377,cold65,Cold Damage,5901,-8772.67,1263,0,0,False,False,False
10944,evasion_and_energy_shield23,Evasion and Energy Shield,5924.32,-789.865,1264,2,0,False,False,False
33366,evasion_and_energy_shield24,Evasion and Energy Shield,5799.32,-409.359,1264,7,14,False,False,False
23915,criticals23,Critical Damage,5948.12,186.785,1267,0,0,False,False,False
41529,criticals37,Critical Damage,6106.54,144.339,1267,2,5,False,False,False
31284,mastery_critical_267,Critical Mastery,6030.12,186.785,1267,1,3,False,False,False
60700,cold49,Empowered Attack Freeze Buildup,6141.96,-416.582,1268,7,3,False,False,False
52501,cold50,Empowered Attack Freeze Buildup,6181.69,-114.805,1268,7,8,False,False,False
50121,cold11,Cold Damage,5988.31,-7475.15,1271,0,0,False,False,False
31345,lightning_penetration11,Lightning Penetration,6079.18,1921.76,1274,2,11,False,False,False
30372,lightning_penetration13,Lightning Penetration,5994.29,1604.93,1274,2,23,False,False,False
55400,lightning_penetration9,Lightning Penetration,6195.15,1720.9,1274,2,5,False,False,False
37532,mastery_elemental97,Lightning Mastery,6036.73,1763.34,1274,0,0,False,False,False
43720,mana_leech1,Mana Leech and Cold Resistance,6147.01,8561.77,1276,2,11,False,False,False
18568,mana_leech3,Mana Leech and Cold Resistance,6147.01,8244.94,1276,2,1,False,False,False
62464,evasion17_,Evasion,6198.75,3385.58,1285,3,22,False,False,False
55275,evasion18,Evasion,6532.75,3385.58,1285,3,2,False,False,False
34853,azmerianimals31,Strength and Critical Damage Bonus on You,6365.75,5825.65,1287,2,0,False,False,False
25458,azmerianimals34,Strength and Critical Damage Bonus on You,6149.25,5864.65,1287,7,20,False,False,False
37568,azmerianimals35,Strength and Critical Damage Bonus on You,6529.75,5989.65,1287,2,6,False,False,False
24570,blind13,Blinded Enemies Critical,6272.73,-2298.64,1292,2,19,False,False,False
11836,blind14,Critical vs Blinded,6589.56,-2213.75,1292,2,7,False,False,False
47235,blind15_,Blinded Enemies Critical,6306.15,-2472.7,1292,7,22,False,False,False
53471,blind16,Critical vs Blinded,6647.65,-2381.19,1292,7,4,False,False,False
57088,cold_penetration1,Cold Penetration,6409.49,794.875,1297,2,20,False,False,False
28086,cold_penetration6,Cold Penetration,6469.51,1018.9,1297,2,14,False,False,False
54557,cold_penetration7,Cold Penetration,6633.51,734.847,1297,2,2,False,False,False
60170,mastery_cold59,Cold Mastery,6551.51,876.875,1297,0,0,False,False,False
3128,cold1,Cast Speed with Cold Skills,6439.29,-7475.15,1300,7,14,False,False,False
22713,cold3,Cold Damage,6814.29,-7691.65,1300,7,6,False,False,False
12166,cold6,Cast Speed with Cold Skills,6439.29,-7908.16,1300,7,22,False,False,False
33221,mastery_cold_6390,Cold Mastery,6564.44,-7691.65,1301,0,0,False,False,False
4959,cold33,Heavy Frost,6689.44,-7908.16,1302,7,2,True,False,False
19003,cold4_,Cold Damage,6564.44,-7691.65,1302,0,0,False,False,False
331,deflect38,Deflection and Evasion,6770.61,7505.87,1310,2,3,False,False,False
32891,deflect39,Deflection and Evasion,6896.13,7686.54,1310,7,7,False,False,False
46857,energy_shield_recovery1,Energy Shield Delay,6790.3,-6502.08,1318,0,0,False,False,False
52060,mastery_energy_shield_6493,Energy Shield Mastery,6844.88,-9157.81,1319,0,0,False,False,False
17602,stun_threshold_from_energy_shield13,Stun and Ailment Threshold from Energy Shield,6668.1,-8981.04,1319,7,15,False,False,False
59799,stun_threshold_from_energy_shield18,Stun Threshold from Energy Shield,6773.86,-9198.81,1319,1,10,False,False,False
59798,stun_threshold_from_energy_shield20,Ailment Threshold from Energy Shield,6885.88,-9086.8,1319,1,5,False,False,False
21495,elemental_attacks12,Elemental Attack Damage,6679.27,5090.26,1320,3,14,False,False,False
42794,elemental_attacks6,Elemental Attack Damage,7013.27,4511.75,1320,3,2,False,False,False
5348,mastery_elemental98,Elemental Mastery,6846.27,4801,1320,0,0,False,False,False
6842,poise3,Stun and Freeze Buildup,7267.71,7433.94,1325,3,9,False,False,False
18472,poise4,Stun and Freeze Buildup,7031.53,7361.76,1325,2,12,False,False,False
46533,poise5,Stun and Freeze Buildup,6867.53,7197.76,1325,2,18,False,False,False
3700,poise6,Stun and Freeze Buildup,7195.53,7197.76,1325,2,6,False,False,False
36723,poise7,Stun and Freeze Buildup,7031.53,7033.76,1325,2,0,False,False,False
58513,azmerianimals7,Evasion and Movement Speed,7570.75,8513.71,1341,3,9,False,False,False
16602,azmerianimals8,Evasion,7269.87,8036.05,1341,7,23,False,False,False
14418,azmerianimals9,Evasion,7584.57,8277.54,1341,7,6,False,False,False
21227,energy_shield_recovery6,Deflection and Energy Shield Delay,7239.4,-6236.97,1343,4,39,False,False,False
36290,energy_shield_recovery7,Deflection and Energy Shield Delay,7492.01,-6236.97,1343,4,33,False,False,False
23046,energy_shield_recovery8,Deflection and Energy Shield Delay,7710.77,-6363.28,1343,4,27,False,False,False
51040,deflect60,Deflection and Energy Shield Delay,7374.83,-7151.38,1344,0,0,False,False,False
327,deflect63,Evasion and Energy Shield,7374.83,-6987.38,1344,2,12,False,False,False
58779,deflect65,Deflection and Energy Shield Delay,7538.83,-7151.38,1344,2,6,False,False,False
4806,cold_penetration8,Cold Penetration,7602.58,-764.777,1354,2,10,False,False,False
49388,elemental17,Elemental,7362.17,-949.251,1354,2,19,False,False,False
37304,elemental20,Elemental,7049.21,-1033.11,1354,4,57,False,False,False
38215,lightning_penetration7,Lightning Penetration,7662.61,-988.805,1354,2,4,False,False,False
6530,companions56,Evasion and Companion Movement Speed,7403.55,3771.43,1357,3,14,False,False,False
24269,companions57__,Evasion and Companion Movement Speed,7737.55,3192.92,1357,3,2,False,False,False
31692,criticals83,Critical Chance,7761.63,-7890.57,1360,2,3,False,False,False
61333,criticals85,Critical Chance,7688.11,-7616.19,1360,2,11,False,False,False
45702,criticals86,Critical Chance,7487.25,-7817.05,1360,2,19,False,False,False
39237,mastery_critical_6409,Critical Mastery,7645.67,-7774.6,1360,0,0,False,False,False
52445,mastery_evasion_and_energy_shield_6498,Evasion and Energy Shield Mastery,7747,-5468.73,1364,0,0,False,False,False
3630,evasion_and_energy_shield21_,Evasion and Energy Shield Delay,7415.73,-5462.17,1365,3,18,False,False,False
56838,evasion_and_energy_shield22,Evasion and Energy Shield,7916.73,-5751.42,1365,3,2,False,False,False
26034,evasion_and_energy_shield5,Evasion and Energy Shield,7916.73,-5172.91,1365,3,10,False,False,False
45631,evasion_and_energy_shield6_,Evasion and Energy Shield Delay,7624.73,-5245.66,1365,7,14,False,False,False
62624,evasion_and_energy_shield7,Evasion and Energy Shield,7624.73,-5678.67,1365,7,22,False,False,False
42805,evasion_and_energy_shield8,Evasion and Energy Shield,7999.73,-5462.17,1365,7,6,False,False,False
59503,accuracy10,Accuracy and Critical Chance,7697.67,6676.15,1368,7,13,False,False,False
22208,accuracy11,Accuracy and Critical Chance,7512.38,6434.67,1368,7,18,False,False,False
44490,lightning49,Lightning Damage and Electrocute Buildup,8203.42,-391.255,1393,0,0,False,False,False
1599,physical1,Physical Damage and Critical Chance,8117.88,-2509.71,1397,2,18,False,False,False
35173,physical2,Physical Damage and Critical Chance,8156.88,-2726.22,1397,7,22,False,False,False
8456,cold41,Attack Cold Damage and Freeze Buildup,8504.02,1364.62,1399,7,4,False,False,False
10267,cold42_,Attack Cold Damage and Freeze Buildup,8162.51,1273.12,1399,7,22,False,False,False
38329,cold43,Biting Frost,8287.51,1489.62,1399,0,0,True,False,False
16401,lightning47,Lightning Damage and Electrocute Buildup,8325.04,-131.005,1401,0,0,False,False,False
19461,daze_12,Lightning and Cold Damage,8068.25,-5993.65,1404,3,16,False,False,False
38944,daze_13,Shock Chance and Lightning Damage,8521.5,-6160.65,1404,2,6,False,False,False
43338,daze_14,Shock Chance and Lightning Damage,8439.5,-6018.62,1404,2,10,False,False,False
5797,daze_15,Freeze Buildup and Cold Damage,8439.5,-6302.67,1404,2,2,False,False,False
22063,daze_16,Freeze Buildup and Cold Damage,8275.5,-6302.67,1404,2,22,False,False,False
11509,criticals96,Critical Chance,8127.24,2582.76,1405,3,15,False,False,False
7465,criticals98,Critical Chance,8247.45,2462.55,1405,2,15,False,False,False
9089,deflect50_,Evasion Rating,8451.01,4523.71,1407,1,3,False,False,False
24656,Sprint7,Evasion and Movement Speed while Sprinting,8400.25,166.185,1410,0,0,False,False,False
12800,Sprint6,Evasion while Sprinting,8433.06,504.455,1412,0,0,False,False,False
61800,enemies_on_full_life1,Critical Damage vs Full Life,8508.37,-477.954,1413,7,11,False,False,False
52630,enemies_on_full_life2,Critical Damage vs Full Life,8378.96,-477.954,1413,7,13,False,False,False
47831,deflect43,Deflection and Energy Shield Delay,8348.95,-1003.98,1419,2,18,False,False,False
52743,deflect47,Energy Shield Delay,8594.95,-861.957,1419,2,10,False,False,False
8734,deflect48,Energy Shield Delay,8430.95,-861.957,1419,2,14,False,False,False
49107,azmerianimals45,Critical Chance,8471.74,2854.85,1420,2,14,False,False,False
54562,azmerianimals46,Critical Chance,8635.74,2854.85,1420,2,10,False,False,False
32672,freeze_and_chill_mitigation1,Freeze and Chill Resistance,8602.39,-5448.69,1422,3,12,False,False,False
17871,freeze_and_chill_mitigation2,Freeze and Chill Resistance,8602.39,-5618.69,1422,2,12,False,False,False
13701,freeze_and_chill_mitigation4,Freeze and Chill Resistance,8684.39,-5924.71,1422,2,2,False,False,False
9928,freeze_and_chill_mitigation7,Embracing Frost,8602.39,-5294.69,1422,4,36,True,False,False
50403,mastery_cold6170_,Cold Mastery,8602.39,-5782.69,1422,0,0,False,False,False
15814,Sprint5,Evasion while Sprinting,8660.79,276.645,1424,0,0,False,False,False
60483,lightning5,Lightning Damage,8733.08,-3633.16,1429,0,0,False,False,False
36540,lightning58,Lightning Resistance,8733.08,-3371.16,1430,0,0,False,False,False
38369,spear1,Spear Critical Chance,8424.52,7316.15,1435,4,48,False,False,False
18910,spear2,Spear Critical Chance,8278.17,7400.65,1435,5,48,False,False,False
15625,azmerianimals38,Evasion,8862.17,5955.31,1436,2,12,False,False,False
23253,azmerianimals39,Evasion,9026.17,5791.31,1436,2,6,False,False,False
18717,lightning8,Lightning Damage,8862.26,-3861.86,1437,0,0,False,False,False
15356,lightning_penetration5,Lightning Penetration,8992.39,-3633.64,1443,0,0,False,False,False
17420,lightning4,Lightning Damage,9124.17,-3861.86,1448,0,0,False,False,False
18815,lightning_penetration6,Lightning Penetration,9125.5,-3407.73,1449,0,0,False,False,False
25565,lightning2,Lightning Damage,9234.09,-4261.87,1450,2,2,False,False,False
58692,evasion_and_energy_shield29_,Deflection and Energy Shield Delay,9344.05,-3024.9,1454,3,1,False,False,False
58593,evasion_and_energy_shield30,Evasion and Energy Shield,8688.63,-2373.78,1454,5,48,False,False,False
60239,evasion_and_energy_shield32,Evasion and Energy Shield,9580.22,-2615.84,1454,3,7,False,False,False
15343,evasion_and_energy_shield33,Deflection and Energy Shield Delay,9826.58,-3030.78,1454,5,12,False,False,False
26556,evasion_and_energy_shield34,Deflection and Energy Shield Delay,8934.99,-2788.73,1454,3,19,False,False,False
18314,evasion_and_energy_shield36,Evasion and Energy Shield,9171.16,-2379.67,1454,3,13,False,False,False
3336,power_charges4,Critical Damage when consuming a Power Charge,9171.54,-5057.94,1457,2,19,False,False,False
36231,power_charges5,Critical Damage when consuming a Power Charge,9372.4,-5173.91,1457,2,1,False,False,False
30615,power_charges6_,Critical Damage when consuming a Power Charge,9287.51,-4857.08,1457,2,13,False,False,False
33964,trap10,Trap Critical Chance,9074.64,-6974.05,1467,4,49,False,False,False
64295,trap11,Trap Critical Chance,9028.92,-7180.28,1467,4,54,False,False,False
27834,trap12,Trap Critical Chance,9310.68,-6738.01,1467,4,41,False,False,False
34449,trap9,Trap Critical Chance,9516.92,-6692.28,1467,4,36,False,False,False
44891,cold_penetration2,Cold Penetration,9748.74,-3436.23,1471,2,7,False,False,False
20909,cold_penetration3,Cold Penetration,9632.77,-3637.09,1471,2,1,False,False,False
52537,cold_penetration4,Cold Penetration,9547.88,-3320.26,1471,2,13,False,False,False
7023,mastery_cold61,Cold Mastery,9590.33,-3478.67,1471,0,0,False,False,False
57069,shock23,Lightning Damage and Resistance,9696.74,2772.94,1473,0,0,False,False,False
65091,evasion16,Evasion,9504.16,1028.21,1475,7,20,False,False,False
1841,evasion21,Evasion,9937.17,1278.21,1475,7,8,False,False,False
38728,evasion22,Deflection and Evasion,9720.67,903.215,1475,7,0,False,False,False
44776,evasion24_,Evasion,10377.7,1153.21,1475,5,18,False,False,False
3209,evasion26,Evasion,9504.16,1278.21,1475,7,16,False,False,False
14539,evasion27,Deflection and Evasion,9937.17,1028.21,1475,7,4,False,False,False
9405,evasion28,Evasion,9720.67,1403.21,1475,7,12,False,False,False
59720,evasion33,Beastial Skin,9392.17,1722.19,1475,5,42,True,False,False
41163,mastery_evasion111,Evasion Mastery,9720.67,1153.21,1475,0,0,False,False,False
45382,ailments46,Ailment Chance and Elemental Damage,9990.87,-2123.32,1478,3,3,False,False,False
28859,ailments47,Ailment Chance and Elemental Damage,10226.1,-2013.45,1478,4,15,False,False,False
20649,shock_mitigation1__,Lightning Damage,9947.79,2860.79,1486,0,0,False,False,False
65290,shock22_,Lightning Damage and Resistance,10006.4,2637.88,1488,0,0,False,False,False
61421,monkelemental2,Energy and Critical Chance,9797.78,-5420.89,1489,7,19,False,False,False
56334,monkelemental3,Energy and Critical Chance,10280.7,-5291.48,1489,7,7,False,False,False
46171,monkelemental4,Critical Chance,9974.56,-5114.7,1489,7,13,False,False,False
49320,dagger10_,Dagger Critical Chance,10446.2,-4843.3,1493,6,31,False,False,False
30973,dagger11,Dagger Critical Chance,10237.3,-4777.44,1493,6,34,False,False,False
18897,azmerianimals51,Evasion Rating,10345.1,1648.1,1498,2,4,False,False,False
21945,daze_3,Damage and Criticals vs Dazed Enemies,10290.9,-481.595,1499,0,0,False,False,False
26572,daze_7,Criticals vs Dazed Enemies,10290.9,-317.595,1499,2,12,False,False,False
29959,criticals87,Critical Damage,10217.9,-3575.23,1500,2,14,False,False,False
60362,criticals88_,Critical Damage,10463.9,-3717.25,1500,2,6,False,False,False
6891,criticals89,Critical Damage,10217.9,-3859.28,1500,2,22,False,False,False
42802,mastery_critical_6408,Critical Mastery,10299.9,-3717.25,1500,0,0,False,False,False
326,quarterstaff12,Quarterstaff Critical Chance,10504,-3050.26,1505,0,0,False,False,False
59694,quarterstaff17,Quarterstaff Critical Damage,10614.8,-3021.26,1506,0,0,False,False,False
3543,cold44,Attack Cold Damage,10585.4,2262.84,1507,7,23,False,False,False
31825,cold45,Attack Cold Damage,10900.1,2504.32,1507,7,6,False,False,False
20787,cold46,Freeze Buildup,10473.3,2327.55,1507,7,21,False,False,False
5390,cold47,Freeze Buildup,10525.1,2720.83,1507,7,14,False,False,False
16142,cold48,Deep Freeze,10817.1,2793.58,1507,3,10,True,False,False
25586,bow7,Bow Critical Damage,10755.4,5384.33,1510,6,35,False,False,False
31449,quarterstaff13,Quarterstaff Critical Chance,10463.3,-2898.28,1511,5,40,False,False,False
52399,quarterstaff16_,Quarterstaff Critical Damage,10573.9,-2868.64,1511,5,38,False,False,False
61632,quarterstaff6,Quarterstaff Freeze and Daze Buildup,10802.1,-4162.67,1511,5,2,False,False,False
64700,quarterstaff15,Quarterstaff Freeze and Daze Buildup,10769.3,-4040.33,1514,0,0,False,False,False
52215,dagger9,Dagger Critical Chance,10794.6,-5031.25,1516,0,0,False,False,False
38993,bow9,Bow Critical Damage,10852.7,5275.51,1519,0,0,False,False,False
54058,dagger14,Dagger Critical Damage,11048,-5335.92,1526,0,0,False,False,False
35755,dagger15,Dagger Critical Damage,10905.9,-5253.92,1526,2,16,False,False,False
38493,criticals52,Critical Damage,11010.9,962.193,1534,4,45,False,False,False
55621,criticals56,Critical Chance,11139.5,742.125,1534,7,16,False,False,False
2936,criticals57_,Attack Critical Damage,11572.5,492.125,1534,7,4,False,False,False
23040,criticals58,Critical Damage,11231,833.631,1534,7,14,False,False,False
54983,criticals59,Attack Critical Chance,11481,400.619,1534,7,2,False,False,False
51583,mastery_criticals64,Critical Mastery,11356,617.125,1534,0,0,False,False,False
7621,AscendancyMonk2Notable3,I am the Thunder...,15364.1,-3428.72,1554,5,15,True,False,False
23415,AscendancyMonk2Small1,Evasion and Energy Shield,15486.6,-4339.96,1554,9,14,False,False,False
16100,AscendancyMonk2Small2,Evasion,14729.5,-4334.67,1554,8,0,False,False,False
55611,AscendancyMonk2Small5,Elemental Damage,15200.9,-3384.98,1554,4,15,False,False,False
29133,AscendancyMonk2Small6,Elemental Damage,15074.6,-3603.74,1554,4,9,False,False,False
57181,AscendancyMonk2Small7,Critical Chance,15661.4,-2720.67,1554,8,24,False,False,False
44357,AscendancyMonk2Small8,Critical Chance,16044.5,-3373.72,1554,9,34,False,False,False
27686,AscendancyMonk2Small9,Energy Shield Recharge Rate,15553.8,-3950.31,1554,8,10,False,False,False
52295,AscendancyMonk1Small3,Evasion and Energy Shield,15595.7,-6375.93,1559,4,15,False,False,False
39292,AscendancyRanger3Small5,Evasion,16832.5,6899.92,1580,0,0,False,False,False
19233,AscendancyHuntress1Small6,Elemental Damage,17979.2,5031.73,1590,0,0,False,False,False
62424,AscendancyHuntress2Small5,Critical Chance,18391.8,7669.34,1591,5,29,False,False,False
41085,AscendancyHuntress2Small6,Critical Chance,17511.7,7553.47,1591,5,46,False,False,False
9294,AscendancyHuntress1Notable1,Critical Strike,18386,5659.28,1593,0,0,True,False,False
7979,AscendancyHuntress1Notable6,Elemental Surge,18536.8,5093.42,1594,0,0,True,False,False
60662,AscendancyHuntress1Small5,Elemental Damage,18846.7,5272.28,1597,0,0,False,False,False
6109,AscendancyHuntress1Small8,Evasion,19517,5382.8,1603,0,0,False,False,False
